ordem,vertice,lat,long,azimute,distancia,confrontante,matricula_conf,cns_conf
1,A2F-M-6375,"9°11'50,695""","35°22'10,663""",138°24',304.44,P.A. ALEXSANDER CAUCHIAREIAS,2093,00.326-9
2,A2F-M-6413,"9°11'58,106""","35°22'04,042""",97°01',101.75,P.A. ALEXSANDER CAUCHIAREIAS,2093,00.326-9
3,A2F-M-6374,"9°11'58,510""","35°22'00,734""",87°21',73.58,P.A. ALEXSANDER CAUCHIAREIAS,2093,00.326-9
4,A2F-M-6373,"9°11'58,400""","35°21'58,327""",89°31',71.66,P.A. ALEXSANDER CAUCHIAREIAS,2093,00.326-9
5,A2F-M-6372,"9°11'58,381""","35°21'55,979""",83°45',98.00,P.A. ALEXSANDER CAUCHIAREIAS,2093,00.326-9
6,A2F-M-6371,"9°11'58,034""","35°21'52,788""",91°51',160.58,P.A. ALEXSANDER CAUCHIAREIAS,2093,00.326-9
7,A2F-M-6370,"9°11'58,204""","35°21'47,530""",87°59',73.18,P.A. ALEXSANDER CAUCHIAREIAS,2093,00.326-9
8,A2F-M-6369,"9°11'58,120""","35°21'45,135""",103°53',116.71,P.A. ALEXSANDER CAUCHIAREIAS,2093,00.326-9
9,A2F-M-6368,"9°11'59,032""","35°21'41,423""",122°19',32.84,P.A. ALEXSANDER CAUCHIAREIAS,2093,00.326-9
10,A2F-M-6367,"9°11'59,604""","35°21'40,514""",105°26',172.43,P.A. ALEXSANDER CAUCHIAREIAS,2093,00.326-9
11,A2F-M-6366,"9°12'01,099""","35°21'35,070""",192°20',77.52,FAZENDA NOSSA SENHORA DE LOURDES,,
12,SHLX-P-2370,"9°12'03,563""","35°21'35,613""",182°40',24.87,FAZENDA NOSSA SENHORA DE LOURDES,,
13,SHLX-P-2371,"9°12'04,372""","35°21'35,651""",179°48',53.52,FAZENDA NOSSA SENHORA DE LOURDES,,
14,SHLX-P-2372,"9°12'06,114""","35°21'35,645""",192°40',35.50,FAZENDA NOSSA SENHORA DE LOURDES,,
15,SHLX-P-2373,"9°12'07,241""","35°21'35,900""",191°04',135.04,FAZENDA NOSSA SENHORA DE LOURDES,,
16,SHLX-P-2374,"9°12'11,555""","35°21'36,750""",187°34',41.72,FAZENDA NOSSA SENHORA DE LOURDES,,
17,SHLX-M-1465,"9°12'12,901""","35°21'36,930""",188°17',31.08,FAZENDA NOSSA SENHORA DE LOURDES,,
18,SHLX-P-2375,"9°12'13,902""","35°21'37,077""",188°23',62.98,EURICO FONSECA DE MENDONCA UCHOA,,
19,SHLX-P-2376,"9°12'15,930""","35°21'37,378""",190°40',100.33,EURICO FONSECA DE MENDONCA UCHOA,,
20,SHLX-P-2377,"9°12'19,139""","35°21'37,987""",197°19',157.44,EURICO FONSECA DE MENDONCA UCHOA,,
21,SHLX-P-2378,"9°12'24,031""","35°21'39,522""",195°16',267.93,EURICO FONSECA DE MENDONCA UCHOA,,
22,SHLX-P-2379,"9°12'32,444""","35°21'41,835""",195°09',221.99,EURICO FONSECA DE MENDONCA UCHOA,,
23,SHLX-M-0131,"9°12'39,418""","35°21'43,736""",299°44',19.33,GILSON DE MOURA CARVALHO,,
24,SHLX-P-2380,"9°12'39,106""","35°21'44,286""",313°11',23.75,GILSON DE MOURA CARVALHO,,
25,SHLX-P-2381,"9°12'38,577""","35°21'44,853""",301°37',58.19,GILSON DE MOURA CARVALHO,,
26,SHLX-P-2382,"9°12'37,584""","35°21'46,476""",325°46',23.33,GILSON DE MOURA CARVALHO,,
27,SHLX-P-2383,"9°12'36,956""","35°21'46,906""",317°51',26.95,GILSON DE MOURA CARVALHO,,
28,SHLX-M-0132,"9°12'36,306""","35°21'47,498""",314°24',54.34,JOSE CARLOS DAMASO CAVALCANTE,,
29,SHLX-M-1466,"9°12'35,068""","35°21'48,770""",295°33',51.87,LUCAS SILVA DOS SANTOS,,
30,SHLX-M-0133,"9°12'34,340""","35°21'50,303""",283°32',19.39,JOSE VIEIRA GUIMARAES,,
31,SHLX-P-2384,"9°12'34,192""","35°21'50,921""",316°39',20.81,JOSE VIEIRA GUIMARAES,,
32,SHLX-P-2385,"9°12'33,699""","35°21'51,389""",289°36',55.19,JOSE VIEIRA GUIMARAES,,
33,SHLX-P-2386,"9°12'33,096""","35°21'53,092""",301°22',76.10,JOSE VIEIRA GUIMARAES,,
34,SHLX-P-2387,"9°12'31,806""","35°21'55,220""",290°23',9.44,JOSE VIEIRA GUIMARAES,,
35,SHLX-P-2388,"9°12'31,699""","35°21'55,510""",279°43',52.98,JOSE VIEIRA GUIMARAES,,
36,SHLX-P-2389,"9°12'31,408""","35°21'57,220""",264°39',37.95,JOSE VIEIRA GUIMARAES,,
37,SHLX-M-1467,"9°12'31,523""","35°21'58,458""",180°49',263.97,JOSE VIEIRA GUIMARAES,,
38,SHLX-P-2390,"9°12'40,114""","35°21'58,583""",180°25',171.41,JOSE VIEIRA GUIMARAES,,
39,SHLX-P-2391,"9°12'45,693""","35°21'58,625""",159°56',66.24,JOSE VIEIRA GUIMARAES,,
40,SHLX-P-2392,"9°12'47,719""","35°21'57,880""",177°50',26.42,JOSE VIEIRA GUIMARAES,,
41,SHLX-M-0134,"9°12'48,578""","35°21'57,848""",187°56',4.17,FAZENDA FELIPA,R-3009,00.326-9
42,SHLX-P-2393,"9°12'48,713""","35°21'57,867""",288°12',51.69,FAZENDA FELIPA,R-3009,00.326-9
43,SHLX-P-2394,"9°12'48,187""","35°21'59,475""",263°29',35.54,FAZENDA FELIPA,R-3009,00.326-9
44,SHLX-P-2395,"9°12'48,318""","35°22'00,632""",257°43',49.97,FAZENDA FELIPA,R-3009,00.326-9
45,SHLX-P-2396,"9°12'48,664""","35°22'02,232""",262°23',17.26,FAZENDA FELIPA,R-3009,00.326-9
46,SHLX-P-2397,"9°12'48,738""","35°22'02,792""",267°21',25.07,FAZENDA FELIPA,R-3009,00.326-9
47,SHLX-P-2398,"9°12'48,775""","35°22'03,613""",276°39',32.01,FAZENDA FELIPA,R-3009,00.326-9
48,SHLX-P-2399,"9°12'48,655""","35°22'04,654""",282°08',120.11,FAZENDA FELIPA,R-3009,00.326-9
49,SHLX-P-2400,"9°12'47,832""","35°22'08,501""",281°07',142.36,FAZENDA FELIPA,R-3009,00.326-9
50,SHLX-P-2401,"9°12'46,937""","35°22'13,077""",285°36',35.01,FAZENDA FELIPA,R-3009,00.326-9
51,SHLX-P-2402,"9°12'46,631""","35°22'14,181""",277°12',30.11,FAZENDA FELIPA,R-3009,00.326-9
52,SHLX-P-2403,"9°12'46,508""","35°22'15,160""",271°52',20.68,FAZENDA FELIPA,R-3009,00.326-9
53,SHLX-P-2404,"9°12'46,486""","35°22'15,837""",256°21',25.20,FAZENDA FELIPA,R-3009,00.326-9
54,SHLX-P-2405,"9°12'46,679""","35°22'16,639""",250°31',63.01,FAZENDA FELIPA,R-3009,00.326-9
55,SHLX-P-2406,"9°12'47,363""","35°22'18,585""",249°16',16.18,FAZENDA FELIPA,R-3009,00.326-9
56,SHLX-P-2407,"9°12'47,550""","35°22'19,081""",237°14',25.03,FAZENDA FELIPA,R-3009,00.326-9
57,SHLX-P-2408,"9°12'47,990""","35°22'19,771""",260°27',19.74,FAZENDA FELIPA,R-3009,00.326-9
58,SHLX-P-2409,"9°12'48,097""","35°22'20,408""",247°11',32.94,FAZENDA FELIPA,R-3009,00.326-9
59,SHLX-P-2410,"9°12'48,512""","35°22'21,403""",257°08',58.87,FAZENDA FELIPA,R-3009,00.326-9
60,SHLX-P-2411,"9°12'48,938""","35°22'23,283""",257°13',39.77,FAZENDA FELIPA,R-3009,00.326-9
61,SHLX-P-2412,"9°12'49,224""","35°22'24,553""",253°03',80.51,FAZENDA FELIPA,R-3009,00.326-9
62,SHLX-M-0135,"9°12'49,988""","35°22'27,076""",338°49',278.49,FAZENDA CASTELO I,2122,00.326-9
63,SHLX-P-2413,"9°12'41,536""","35°22'30,372""",340°33',164.20,FAZENDA CASTELO I,2122,00.326-9
64,SHLX-P-2414,"9°12'36,496""","35°22'32,162""",327°53',138.26,FAZENDA CASTELO I,2122,00.326-9
65,LADU-M-0013,"9°12'32,684""","35°22'34,569""",94°58',274.27,FAZENDA ÁGUA PRETA – 02,2122,00.326-9
66,LADU-M-0014,"9°12'33,458""","35°22'25,618""",355°39',76.60,FAZENDA ÁGUA PRETA – 02,2122,00.326-9
67,LADU-P-0342,"9°12'30,972""","35°22'25,808""",04°39',24.81,FAZENDA ÁGUA PRETA – 02,2122,00.326-9
68,LADU-M-0015,"9°12'30,167""","35°22'25,742""",101°32',809.54,FAZENDA ÁGUA PRETA – 02,2122,00.326-9
69,LADU-M-0016,"9°12'35,435""","35°21'59,758""",11°31',99.96,FAZENDA ÁGUA PRETA – 02,2122,00.326-9
70,LADU-M-0017,"9°12'32,247""","35°21'59,104""",281°32',1290.83,FAZENDA ÁGUA PRETA – 02,2122,00.326-9
71,SHLX-P-2416,"9°12'23,836""","35°22'40,533""",324°25',193.52,FAZENDA CASTELO I,2122,00.326-9
72,SHLX-P-2417,"9°12'18,713""","35°22'44,221""",328°23',166.55,FAZENDA CASTELO I,2122,00.326-9
73,SHLX-P-2418,"9°12'14,096""","35°22'47,081""",325°30',252.62,FAZENDA CASTELO I,2122,00.326-9
74,SHLX-P-2419,"9°12'07,318""","35°22'51,767""",327°09',207.60,FAZENDA CASTELO I,2122,00.326-9
75,SHLX-M-0136,"9°12'01,641""","35°22'55,454""",87°14',127.23,FAZENDA BOA SORTE,,
76,SHLX-M-1468,"9°12'01,441""","35°22'51,291""",82°16',122.33,FAZENDA BOA SORTE,,
77,SHLX-P-2420,"9°12'00,907""","35°22'47,321""",90°18',395.13,FAZENDA BOA SORTE,,
78,A2F-M-6378,"9°12'00,977""","35°22'34,377""",87°49',253.00,P.A. ALEXSANDER CAUCHIAREIAS,2093,00.326-9
79,A2F-M-6377,"9°12'00,665""","35°22'26,095""",47°20',133.22,P.A. ALEXSANDER CAUCHIAREIAS,2093,00.326-9
80,A2F-M-6379,"9°11'57,726""","35°22'22,886""",15°45',79.97,P.A. ALEXSANDER CAUCHIAREIAS,2093,00.326-9
81,A2F-M-6376,"9°11'55,221""","35°22'22,175""",62°28',192.45,P.A. ALEXSANDER CAUCHIAREIAS,2093,00.326-9
82,A2F-M-6412,"9°11'52,326""","35°22'16,584""",89°02',59.65,P.A. ALEXSANDER CAUCHIAREIAS,2093,00.326-9
83,A2F-M-I6314,"9°11'52,294""","35°22'14,631""",67°55',130.71,P.A. ALEXSANDER CAUCHIAREIAS,2093,00.326-9
